clus,n,total,percent
1,165,830,19.879518072289155
2,204,830,24.57831325301205
3,207,830,24.93975903614458
4,254,830,30.602409638554217
